"STATION","DATE","LATITUDE","LONGITUDE","ELEVATION","NAME","CDSD","CDSD_ATTRIBUTES","CLDD","CLDD_ATTRIBUTES","DP01","DP01_ATTRIBUTES","DP10","DP10_ATTRIBUTES","DT00","DT00_ATTRIBUTES","DT32","DT32_ATTRIBUTES","DX32","DX32_ATTRIBUTES","DX70","DX70_ATTRIBUTES","DX90","DX90_ATTRIBUTES","EMNT","EMNT_ATTRIBUTES","EMXP","EMXP_ATTRIBUTES","EMXT","EMXT_ATTRIBUTES","FZF0","FZF0_ATTRIBUTES","FZF1","FZF1_ATTRIBUTES","FZF2","FZF2_ATTRIBUTES","FZF3","FZF3_ATTRIBUTES","FZF4","FZF4_ATTRIBUTES","FZF5","FZF5_ATTRIBUTES","FZF6","FZF6_ATTRIBUTES","FZF7","FZF7_ATTRIBUTES","FZF8","FZF8_ATTRIBUTES","FZF9","FZF9_ATTRIBUTES","HDSD","HDSD_ATTRIBUTES","HTDD","HTDD_ATTRIBUTES","PRCP","PRCP_ATTRIBUTES","TAVG","TAVG_ATTRIBUTES","TMAX","TMAX_ATTRIBUTES","TMIN","TMIN_ATTRIBUTES"
"ITE00100550","1813","44.5","11.3458","53.0","BOLOGNA, IT","","","","","102","E","62","E","","","","","","","","","","","","","61.0",",E,0812,","","","","","","","","","","","","","","","","","","","","","","","","","","","620.6",",E","","","","","",""
"ITE00100550","1814","44.5","11.3458","53.0","BOLOGNA, IT","489.6","","489.6","E","101","E","55","E","0","E","46","E","4","E","107","E","2","E","-7.5","E,0223,","63.0",",E,1028,","33.8","E,0805,","-0.4","E,1209","","","","","","","","","-0.1","E,0301","-4.1","E,0225","-6.1","E,0224","-7.5","E,0223","","","","","","","645.6",",E","13.00","E","15.40","E","10.59","E"
"ITE00100550","1815","44.5","11.3458","53.0","BOLOGNA, IT","531.2","","531.2","E","105","E","58","E","0","E","37","E","10","E","142","E","0","E","-6.3","E,1216,+","66.0",",E,0611,","32.1","E,0717,","-0.6","E,1128","-2.5","E,1213","-5.3","E,1215","","","","","-0.9","E,0208","-2.5","E,0125","-5.4","E,0124","","","","","2150.5","","2150.5","E","741.9",",E","13.65","E","16.05","E","11.26","E"
"ITE00100550","1816","44.5","11.3458","53.0","BOLOGNA, IT","475.7","","475.7","E","106","E","47","E","0","E","66","E","3","E","142","E","1","E","-6.9","E,1210,","42.5",",E,1220,","32.3","E,0807,","0.0","E,1119","-2.5","E,1120","-6.9","E,1210","-6.9","E,1210","","","-0.3","E,0330","-2.5","E,0220","-6.0","E,0216","","","","","2450.1","","2450.1","E","548.8",",E","12.84","E","15.95","E","9.73","E"
"ITE00100550","1817","44.5","11.3458","53.0","BOLOGNA, IT","778.3","","778.3","E","71","E","39","E","0","E","16","E","0","E","146","E","10","E","-4.1","E,1229,","46.0",",E,0617,","36.3","E,0713,","0.0","E,1214","-4.1","E,1229","","","","","","","-2.5","E,0117","-2.5","E,0117","","","","","","","2267.4","","2267.4","E","479.6",",E","14.16","E","17.51","E","10.80","E"
"ITE00100550","1818","44.5","11.3458","53.0","BOLOGNA, IT","695.8","","695.8","E","84","E","48","E","0","E","31","E","0","E","152","E","4","E","-4.3","E,1229,","64.2",",E,0601,","33.8","E,0811,","-0.4","E,1204","-2.5","E,1223","","","","","","","-0.3","E,0214","-3.5","E,0110","","","","","","","2112.7","","2112.7","E","541.5",",E","14.49","E","17.42","E","11.56","E"
"ITE00100550","1819","44.5","11.3458","53.0","BOLOGNA, IT","743.0","","743.0","E","85","E","49","E","0","E","33","E","2","E","153","E","6","E","-6.3","E,0109,","97.0",",E,0907,","37.3","E,0710,","0.0","E,1126","-2.9","E,1230","","","","","","","0.0","E,0206","-2.3","E,0121","-6.3","E,0109","","","","","2121.4","","2121.4","E","691.2",",E","14.73","E","17.63","E","11.83","E"
"ITE00100550","1820","44.5","11.3458","53.0","BOLOGNA, IT","922.9","","922.9","E","85","E","51","E","0","E","41","E","10","E","147","E","24","E","-10.9","E,0113,","37.0",",E,0907,","35.8","E,0720,","0.0","E,1130","-4.0","E,1202","","","","","","","0.0","E,0217","-5.0","E,0116","-5.0","E,0116","-7.5","E,0115","-9.1","E,0114","2165.5","","2165.5","E","522.9",",E","14.62","E","17.60","E","11.64","E"
"ITE00100550","1821","44.5","11.3458","53.0","BOLOGNA, IT","730.8","","730.8","E","60","E","33","E","0","E","38","E","0","E","158","E","3","E","-4.6","E,1216,","37.5",",E,1228,+","32.5","E,0805,+","-2.5","E,1214","-2.5","E,1214","-4.6","E,1216","","","","","-2.1","E,0307","-3.1","E,0208","","","","","","","2208.6","","2208.6","E","464.2",",E","14.50","E","17.50","E","11.50","E"
"ITE00100550","1822","44.5","11.3458","53.0","BOLOGNA, IT","921.1","","921.1","E","59","E","36","E","0","E","23","E","6","E","162","E","23","E","-5.6","E,1231,","39.0",",E,0709,","36.3","E,0616,","-0.9","E,1214","-3.1","E,1219","-4.8","E,1228","","","","","-0.4","E,0129","","","","","","","","","1910.6","","1910.6","E","376.0",",E","15.55","E","18.76","E","12.35","E"
"ITE00100550","1823","44.5","11.3458","53.0","BOLOGNA, IT","743.4","","743.4","E","77","E","48","E","0","E","45","E","13","E","148","E","10","E","-7.5","E,0116,","34.5",",E,0201,","34.5","E,0806,","-1.0","E,1113","-2.3","E,1225","-5.0","E,1226","","","","","0.0","E,0322","-2.8","E,0125","-6.0","E,0123","-7.5","E,0116","","","2291.0","","2291.0","E","492.7",",E","13.80","E","16.95","E","10.64","E"
"ITE00100550","1824","44.5","11.3458","53.0","BOLOGNA, IT","699.0","","699.0","E","67","E","25","E","0","E","29","E","1","E","145","E","22","E","-5.0","E,0104,","31.0",",E,0603,","38.8","E,0716,","0.0","E,1221","","","","","","","","","0.0","E,0209","-2.5","E,0204","-5.0","E,0104","","","","","2294.3","","2294.3","E","288.6",",E","14.34","E","17.57","E","11.12","E"
"ITE00100550","1825","44.5","11.3458","53.0","BOLOGNA, IT","708.6","","708.6","E","72","E","34","E","0","E","32","E","0","E","147","E","14","E","-4.9","E,0209,","29.6",",E,1212,","35.1","E,0722,","","","","","","","","","","","0.0","E,0321","-2.5","E,0210","-4.9","E,0209","","","","","2158.1","","2158.1","E","406.9",",E","14.40","E","17.81","E","11.00","E"
"ITE00100550","1826","44.5","11.3458","53.0","BOLOGNA, IT","641.9","","641.9","E","96","E","56","E","0","E","25","E","5","E","134","E","8","E","-8.5","E,0116,","38.5",",E,0621,","33.5","E,0805,","-0.6","E,1229","-2.4","E,1230","","","","","","","-0.3","E,0216","-2.3","E,0130","-4.5","E,0123","-7.8","E,0117","","","2097.5","","2097.5","E","534.6",",E","13.94","E","16.88","E","10.99","E"
"ITE00100550","1827","44.5","11.3458","53.0","BOLOGNA, IT","600.1","","600.1","E","83","E","58","E","0","E","40","E","3","E","141","E","11","E","-6.8","E,0125,","48.5",",E,0718,","34.4","E,0716,","-1.3","E,1127","","","","","","","","","-0.5","E,0301","-4.8","E,0227","-4.8","E,0227","-6.8","E,0125","","","2175.2","","2175.2","E","569.3",",E","13.64","E","16.64","E","10.64","E"
"ITE00100550","1828","44.5","11.3458","53.0","BOLOGNA, IT","853.6","","853.6","E","45","E","26","E","0","E","38","E","2","E","152","E","31","E","-8.8","E,0108,","23.0",",E,1117,","37.1","E,0811,","-0.1","E,1107","-2.3","E,1216","","","","","","","-3.1","E,0218","-3.1","E,0218","-6.0","E,0217","-8.8","E,0108","","","2218.8","","2218.8","E","229.3",",E","14.65","E","18.11","E","11.18","E"
"ITE00100550","1829","44.5","11.3458","53.0","BOLOGNA, IT","604.4","","604.4","E","76","E","57","E","0","E","75","E","11","E","143","E","13","E","-9.0","E,0212,","47.0",",E,0318,","36.0","E,0728,","-1.5","E,1118","-2.9","E,1120","-5.5","E,1122","","","","","-0.6","E,0301","-3.1","E,0216","-4.8","E,0215","-7.8","E,0213","-9.0","E,0212","2348.3","","2348.3","E","601.7",",E","12.94","E","16.06","E","9.82","E"
"ITE00100550","1830","44.5","11.3458","53.0","BOLOGNA, IT","","","","","48","E","37","E","0","E","55","E","23","E","152","E","32","E","-16.9","E,0112,","38.5",",E,0517,","36.8","E,0803,","0.0","E,1215","","","","","","","","","-1.6","E,0306","-2.5","E,0304","-6.8","E,0217","-6.8","E,0217","-11.6","E,0216","","","","","471.9",",E","13.67","E","17.30","E","10.04","E"
"ITE00100550","1831","44.5","11.3458","53.0","BOLOGNA, IT","604.2","","604.2","E","64","E","49","E","0","E","36","E","11","E","134","E","5","E","-5.0","E,0131,+","60.0",",E,0311,","34.0","E,0716,","-0.6","E,1129","-3.5","E,1229","","","","","","","0.0","E,0223","-2.9","E,0203","-5.0","E,0131","","","","","2238.2","","2238.2","E","682.0",",E","14.06","E","17.04","E","11.08","E"
"ITE00100550","1832","44.5","11.3458","53.0","BOLOGNA, IT","625.3","","625.3","E","64","E","49","E","0","E","50","E","4","E","141","E","24","E","-5.0","E,1231,+","56.0",",E,0205,","37.4","E,0715,","-1.3","E,1206","-2.8","E,1207","-4.8","E,1229","","","","","0.0","E,0304","-2.5","E,0216","-4.4","E,0104","","","","","2307.8","","2307.8","E","719.5",",E","13.15","E","16.69","E","9.61","E"
"ITE00100550","1833","44.5","11.3458","53.0","BOLOGNA, IT","479.1","","479.1","E","78","E","59","E","0","E","32","E","4","E","125","E","3","E","-8.1","E,0125,","49.0",",E,0607,","33.5","E,0630,","0.0","E,1226","","","","","","","","","-0.6","E,0206","-2.5","E,0128","-7.5","E,0126","-7.5","E,0126","","","2372.3","","2372.3","E","768.0",",E","13.20","E","16.27","E","10.12","E"
"ITE00100550","1834","44.5","11.3458","53.0","BOLOGNA, IT","872.4","","872.4","E","33","E","21","E","0","E","34","E","0","E","163","E","17","E","-4.4","E,0211,","21.5",",E,0609,","37.0","E,0714,","-1.0","E,1212","-2.3","E,1222","","","","","","","-1.0","E,0320","-2.3","E,0319","-4.4","E,0211","","","","","2228.0","","2228.0","E","212.0",",E","14.68","E","18.34","E","11.03","E"
"ITE00100550","1835","44.5","11.3458","53.0","BOLOGNA, IT","555.8","","555.8","E","58","E","39","E","0","E","67","E","15","E","123","E","3","E","-11.0","E,1225,","74.0",",E,0621,","33.8","E,0706,","-0.3","E,1105","-2.3","E,1112","-5.9","E,1119","-7.8","E,1223","-9.0","E,1224","-0.3","E,0219","-3.1","E,0203","","","","","","","2195.7","","2195.7","E","501.2",",E","12.41","E","15.59","E","9.23","E"
"ITE00100550","1836","44.5","11.3458","53.0","BOLOGNA, IT","617.8","","617.8","E","40","E","33","E","0","E","50","E","13","E","128","E","13","E","-9.0","E,0102,","75.0",",E,0218,+","35.1","E,0704,","-1.0","E,1102","-2.3","E,1218","","","","","","","0.0","E,0223","-2.3","E,0129","-5.3","E,0121","-7.1","E,0106","-9.0","E,0102","2792.2","","2792.2","E","735.5",",E","13.24","E","16.43","E","10.06","E"
"ITE00100550","1837","44.5","11.3458","53.0","BOLOGNA, IT","648.8","","648.8","E","45","E","35","E","0","E","45","E","3","E","125","E","15","E","-6.0","E,0103,","34.0",",E,0828,","34.9","E,0616,","-0.3","E,1124","","","","","","","","","0.0","E,0325","-3.0","E,0207","-4.5","E,0111","","","","","2495.3","","2495.3","E","392.5",",E","12.89","E","16.14","E","9.64","E"
"ITE00100550","1838","44.5","11.3458","53.0","BOLOGNA, IT","623.5","","623.5","E","100","E","71","E","0","E","56","E","11","E","129","E","15","E","-8.5","E,0115,","36.5",",E,0227,","35.4","E,0715,","-0.5","E,1128","-2.5","E,1222","-4.4","E,1224","","","","","-0.5","E,0224","-2.5","E,0222","-6.4","E,0122","-7.9","E,0116","","","2517.3","","2517.3","E","707.3",",E","12.99","E","16.06","E","9.91","E"
"ITE00100550","1839","44.5","11.3458","53.0","BOLOGNA, IT","802.1","","802.1","E","106","E","65","E","0","E","37","E","5","E","147","E","36","E","-7.5","E,0204,","57.0",",E,0526,","36.3","E,0722,+","","","","","","","","","","","0.0","E,0317","-2.8","E,0207","-6.3","E,0205","-7.5","E,0204","","","2538.1","","2538.1","E","927.0",",E","14.17","E","17.33","E","11.01","E"
"ITE00100550","1840","44.5","11.3458","53.0","BOLOGNA, IT","638.9","","638.9","E","62","E","44","E","0","E","57","E","5","E","130","E","6","E","-7.0","E,0113,","45.0",",E,0405,","33.8","E,0722,","-2.3","E,1201","-2.3","E,1201","","","","","","","-0.4","E,0327","-2.3","E,0325","-5.5","E,0114","-7.0","E,0113","","","2185.6","","2185.6","E","491.0",",E","13.30","E","16.45","E","10.14","E"
"ITE00100550","1841","44.5","11.3458","53.0","BOLOGNA, IT","740.1","","740.1","E","57","E","38","E","0","E","41","E","5","E","160","E","11","E","-5.6","E,0203,","30.0",",E,0613,","35.3","E,0718,+","","","","","","","","","","","-0.4","E,0303","-2.8","E,0206","-5.6","E,0203","","","","","2277.9","","2277.9","E","381.5",",E","14.55","E","17.91","E","11.18","E"
"ITE00100550","1842","44.5","11.3458","53.0","BOLOGNA, IT","620.8","","620.8","E","69","E","56","E","0","E","51","E","6","E","125","E","5","E","-5.9","E,0109,","75.0",",E,0914,","33.8","E,0721,+","-0.6","E,1121","","","","","","","","","-0.3","E,0220","-3.5","E,0217","-4.9","E,0209","","","","","2209.7","","2209.7","E","740.0",",E","12.95","E","16.08","E","9.83","E"
"ITE00100550","1843","44.5","11.3458","53.0","BOLOGNA, IT","471.1","","471.1","E","64","E","44","E","0","E","26","E","1","E","142","E","3","E","-6.0","E,0106,","35.0",",E,0616,","32.9","E,0706,","0.0","E,1119","-2.8","E,1214","-4.8","E,1225","","","","","-0.9","E,0306","-2.5","E,0108","-6.0","E,0106","","","","","2284.9","","2284.9","E","471.5",",E","13.53","E","16.98","E","10.08","E"
"ITE00100550","1844","44.5","11.3458","53.0","BOLOGNA, IT","644.3","","644.3","E","68","E","55","E","0","E","55","E","12","E","142","E","12","E","-5.3","E,0111,","49.0",",E,0603,","33.5","E,0625,+","-0.3","E,1125","-2.3","E,1206","-5.0","E,1207","","","","","-0.9","E,0323","-3.8","E,0301","-4.8","E,0112","","","","","2382.7","","2382.7","E","629.5",",E","13.58","E","16.94","E","10.22","E"
"ITE00100550","1845","44.5","11.3458","53.0","BOLOGNA, IT","544.3","","544.3","E","76","E","54","E","0","E","34","E","6","E","134","E","7","E","-8.5","E,0221,","57.0",",E,0526,","36.4","E,0708,","-2.3","E,1215","-2.3","E,1215","","","","","","","-0.6","E,0323","-3.8","E,0223","-5.6","E,0222","-8.5","E,0221","","","2366.4","","2366.4","E","583.5",",E","13.32","E","16.55","E","10.10","E"
"ITE00100550","1846","44.5","11.3458","53.0","BOLOGNA, IT","746.5","","746.5","E","91","E","71","E","0","E","41","E","14","E","132","E","27","E","-8.6","E,1217,","68.5",",E,1111,","36.1","E,0726,","-3.9","E,1214","-3.9","E,1214","-5.3","E,1215","-7.9","E,1216","","","-1.3","E,0216","-2.5","E,0212","","","","","","","2011.2","","2011.2","E","1023.9",",E","14.35","E","17.41","E","11.29","E"
"ITE00100550","1847","44.5","11.3458","53.0","BOLOGNA, IT","576.6","","576.6","E","76","E","36","E","0","E","38","E","4","E","138","E","3","E","-4.0","E,1220,+","36.0",",E,1020,","35.0","E,0523,","-1.1","E,1218","-4.0","E,1219","","","","","","","0.0","E,0314","-2.3","E,0313","","","","","","","2397.8","","2397.8","E","415.5",",E","13.28","E","16.18","E","10.38","E"
"ITE00100550","1848","44.5","11.3458","53.0","BOLOGNA, IT","674.3","","674.3","E","63","E","50","E","0","E","41","E","16","E","124","E","5","E","-5.6","E,1223,+","45.0",",E,1002,","33.1","E,0729,","-1.0","E,1205","-3.8","E,1221","-5.3","E,1222","","","","","-1.0","E,0207","-2.4","E,0204","-5.3","E,0129","","","","","2364.7","","2364.7","E","539.5",",E","13.70","E","16.41","E","10.99","E"
"ITE00100550","1849","44.5","11.3458","53.0","BOLOGNA, IT","716.8","","716.8","E","58","E","36","E","0","E","36","E","15","E","134","E","13","E","-7.3","E,0113,","52.0",",E,0928,","34.1","E,0624,","-1.0","E,1128","-2.5","E,1129","","","","","","","-1.3","E,0316","-2.3","E,0204","-4.8","E,0114","-7.3","E,0113","","","2348.8","","2348.8","E","505.6",",E","13.94","E","16.90","E","10.98","E"
"ITE00100550","1850","44.5","11.3458","53.0","BOLOGNA, IT","515.7","","515.7","E","77","E","56","E","0","E","41","E","17","E","112","E","0","E","-5.6","E,0129,+","36.0",",E,1221,","31.3","E,0706,","0.0","E,1227","","","","","","","","","0.0","E,0329","-2.5","E,0320","-5.6","E,0129","","","","","2481.6","","2481.6","E","647.5",",E","12.88","E","15.29","E","10.47","E"
"ITE00100550","1851","44.5","11.3458","53.0","BOLOGNA, IT","534.9","","534.9","E","102","E","70","E","0","E","41","E","1","E","138","E","1","E","-5.0","E,1222,","46.5",",E,0829,","32.5","E,0803,","0.0","E,1118","-4.9","E,1129","-4.9","E,1129","","","","","-2.5","E,0304","-2.5","E,0304","","","","","","","2159.3","","2159.3","E","693.1",",E","13.40","E","16.85","E","9.95","E"
"ITE00100550","1852","44.5","11.3458","53.0","BOLOGNA, IT","526.4","","526.4","E","82","E","48","E","0","E","41","E","1","E","136","E","19","E","-4.0","E,0315,","70.0",",E,1011,","34.8","E,0720,","-1.3","E,1225","-3.5","E,1226","","","","","","","-1.0","E,0420","-4.0","E,0315","","","","","","","2664.9","","2664.9","E","640.8",",E","12.81","E","16.54","E","9.08","E"
"ITE00100550","1853","44.5","11.3458","53.0","BOLOGNA, IT","621.9","","621.9","E","105","E","68","E","0","E","67","E","7","E","128","E","45","E","-12.3","E,1231,","45.0",",E,0327,","37.8","E,0708,","-1.6","E,1126","-2.5","E,1127","-9.0","E,1230","-9.0","E,1230","-9.0","E,1230","-1.3","E,0328","-2.3","E,0226","-4.8","E,0121","","","","","2638.3","","2638.3","E","733.6",",E","12.44","E","15.87","E","9.01","E"
"ITE00100550","1854","44.5","11.3458","53.0","BOLOGNA, IT","543.6","","543.6","E","66","E","41","E","0","E","61","E","10","E","148","E","12","E","-10.0","E,0103,+","66.0",",E,0826,","35.4","E,0721,","-0.3","E,1111","-3.1","E,1230","","","","","","","0.0","E,0321","-4.0","E,0223","-4.4","E,0222","-6.9","E,0214","-10.0","E,0103","2635.0","","2635.0","E","551.3",",E","12.65","E","16.68","E","8.61","E"
"ITE00100550","1855","44.5","11.3458","53.0","BOLOGNA, IT","460.8","","460.8","E","106","E","64","E","0","E","72","E","24","E","139","E","5","E","-11.3","E,0124,","76.0",",E,1119,","35.6","E,0804,","-1.5","E,1206","-3.4","E,1212","-4.4","E,1213","-7.3","E,1214","-9.0","E,1220","-0.8","E,0313","-2.3","E,0312","-4.8","E,0225","-7.5","E,0221","-11.3","E,0124","2772.8","","2772.8","E","817.2",",E","12.11","E","15.66","E","8.56","E"
"ITE00100550","1856","44.5","11.3458","53.0","BOLOGNA, IT","543.2","","543.2","E","96","E","59","E","0","E","51","E","3","E","161","E","10","E","-9.5","E,1206,","51.5",",E,0727,","35.4","E,0817,","-1.0","E,1107","-2.9","E,1117","-6.3","E,1203","-9.5","E,1206","-9.5","E,1206","-0.1","E,0401","-2.5","E,0117","","","","","","","2134.5","","2134.5","E","635.1",",E","13.40","E","17.80","E","8.99","E"
"ITE00100550","1857","44.5","11.3458","53.0","BOLOGNA, IT","465.5","","465.5","E","76","E","52","E","0","E","89","E","0","E","147","E","12","E","-7.4","E,0207,","31.5",",E,1016,","35.3","E,0729,+","-0.9","E,1114","-2.5","E,1123","-5.3","E,1224","","","","","-1.3","E,0322","-3.6","E,0313","-5.5","E,0218","-7.3","E,0208","","","2760.7","","2760.7","E","508.4",",E","12.53","E","17.04","E","8.02","E"
"ITE00100550","1858","44.5","11.3458","53.0","BOLOGNA, IT","406.1","","406.1","E","76","E","54","E","0","E","99","E","21","E","147","E","4","E","-10.4","E,0215,+","59.5",",E,1020,","35.5","E,0723,","-1.1","E,1103","-3.6","E,1104","-4.4","E,1219","","","","","-0.3","E,0317","-3.5","E,0314","-5.8","E,0302","-7.3","E,0217","-10.4","E,0215","2792.9","","2792.9","E","728.4",",E","11.49","E","15.78","E","7.20","E"
"ITE00100550","1859","44.5","11.3458","53.0","BOLOGNA, IT","554.7","","554.7","E","70","E","48","E","0","E","65","E","7","E","156","E","25","E","-9.9","E,1222,","55.5",",E,1202,","36.5","E,0715,","-1.1","E,1113","-2.4","E,1208","-4.5","E,1216","-7.9","E,1218","-9.4","E,1221","0.0","E,0311","-2.3","E,0222","-6.0","E,0115","-7.5","E,0110","","","2341.3","","2341.3","E","589.4",",E","13.37","E","17.65","E","9.08","E"
"ITE00100550","1860","44.5","11.3458","53.0","BOLOGNA, IT","473.6","","473.6","E","91","E","59","E","0","E","89","E","5","E","137","E","6","E","-12.3","E,1223,","102.0",",E,0214,","35.0","E,0627,","-1.0","E,1107","-2.3","E,1217","-7.0","E,1219","-7.0","E,1219","-9.5","E,1222","0.0","E,0318","-2.4","E,0313","-5.6","E,0311","-7.9","E,0219","","","2700.5","","2700.5","E","634.4",",E","12.12","E","16.38","E","7.87","E"
"ITE00100550","1861","44.5","11.3458","53.0","BOLOGNA, IT","731.9","","731.9","E","58","E","40","E","0","E","74","E","14","E","158","E","37","E","-8.0","E,1223,","36.0",",E,0505,","38.3","E,0815,","-0.4","E,1120","-3.1","E,1201","-4.8","E,1216","-8.0","E,1223","","","-1.6","E,0506","-3.5","E,0206","-6.3","E,0205","-7.5","E,0204","","","2640.7","","2640.7","E","419.7",",E","13.13","E","17.67","E","8.58","E"
"ITE00100550","1862","44.5","11.3458","53.0","BOLOGNA, IT","528.4","","528.4","E","106","E","75","E","0","E","63","E","7","E","162","E","9","E","-8.6","E,0108,","75.2",",E,1104,","34.6","E,0729,","-0.8","E,1202","-6.3","E,1218","-6.3","E,1218","","","","","0.0","E,0415","-2.9","E,0214","-6.3","E,0212","-8.6","E,0108","","","2402.2","","2402.2","E","1021.3",",E","13.50","E","17.47","E","9.53","E"
"ITE00100550","1863","44.5","11.3458","53.0","BOLOGNA, IT","630.5","","630.5","E","74","E","52","E","0","E","38","E","0","E","150","E","19","E","-4.1","E,1216,","47.0",",E,0523,","36.8","E,0816,","-0.4","E,1202","-4.1","E,1216","","","","","","","0.0","E,0224","-2.5","E,0217","","","","","","","2127.0","","2127.0","E","615.7",",E","14.18","E","18.50","E","9.87","E"
"ITE00100550","1864","44.5","11.3458","53.0","BOLOGNA, IT","485.1","","485.1","E","93","E","59","E","0","E","71","E","20","E","132","E","7","E","-13.8","E,0114,","113.0",",E,1106,","34.8","E,0809,","0.0","E,1108","-2.3","E,1205","","","","","","","-0.6","E,0408","-3.4","E,0221","-6.3","E,0211","-7.1","E,0210","-10.0","E,0118","2649.3","","2649.3","E","817.6",",E","12.00","E","16.22","E","7.78","E"
"ITE00100550","1865","44.5","11.3458","53.0","BOLOGNA, IT","713.2","","713.2","E","73","E","44","E","0","E","74","E","2","E","168","E","31","E","-5.3","E,0321,","37.5",",E,0521,","37.8","E,0719,+","0.0","E,1114","-2.3","E,1211","-4.6","E,1215","","","","","-0.3","E,0331","-3.0","E,0325","-5.3","E,0321","","","","","2541.2","","2541.2","E","471.6",",E","13.66","E","18.26","E","9.06","E"
"ITE00100550","1866","44.5","11.3458","53.0","BOLOGNA, IT","738.2","","738.2","E","79","E","55","E","0","E","25","E","0","E","149","E","25","E","-4.3","E,0101,","41.5",",E,0926,","36.5","E,0718,","0.0","E,1217","","","","","","","","","-0.2","E,0215","-2.3","E,0207","","","","","","","2311.9","","2311.9","E","621.1",",E","14.11","E","18.22","E","10.00","E"
"ITE00100550","1867","44.5","11.3458","53.0","BOLOGNA, IT","899.9","","899.9","E","76","E","57","E","0","E","31","E","2","E","169","E","43","E","-7.0","E,1229,","96.0",",E,0925,","36.8","E,0716,","-0.5","E,1125","-2.5","E,1226","-4.4","E,1227","-7.0","E,1229","","","-0.6","E,0304","-2.4","E,0123","-4.5","E,0106","","","","","1968.1","","1968.1","E","913.7",",E","15.16","E","19.55","E","10.78","E"
"ITE00100550","1868","44.5","11.3458","53.0","BOLOGNA, IT","900.3","","900.3","E","74","E","52","E","0","E","46","E","2","E","174","E","41","E","-5.5","E,0212,+","92.0",",E,0922,","36.8","E,0728,+","-1.2","E,1122","","","","","","","","","-2.5","E,0221","-2.5","E,0221","-5.0","E,0213","","","","","2288.8","","2288.8","E","620.8",",E","14.88","E","19.41","E","10.36","E"
"ITE00100550","1869","44.5","11.3458","53.0","BOLOGNA, IT","808.0","","808.0","E","94","E","79","E","0","E","31","E","1","E","182","E","36","E","-9.0","E,0123,","73.0",",E,0922,","38.0","E,0730,","0.0","E,1030","-2.6","E,1230","-4.5","E,1231","","","","","0.0","E,0307","-2.3","E,0128","-4.7","E,0126","-7.2","E,0125","-9.0","E,0123","2008.4","","2008.4","E","1119.0",",E","14.63","E","19.48","E","9.78","E"
"ITE00100550","1870","44.5","11.3458","53.0","BOLOGNA, IT","737.5","","737.5","E","76","E","50","E","0","E","61","E","7","E","157","E","35","E","-10.0","E,1225,","46.0",",E,0606,","39.8","E,0711,","-4.0","E,1202","-4.0","E,1202","-5.3","E,1203","-10.0","E,1225","-10.0","E,1225","-0.2","E,0325","-4.3","E,0212","-4.5","E,0211","-7.5","E,0209","","","2355.7","","2355.7","E","681.0",",E","13.85","E","18.68","E","9.02","E"
"ITE00100550","1871","44.5","11.3458","53.0","BOLOGNA, IT","754.5","","754.5","E","59","E","41","E","0","E","69","E","5","E","173","E","38","E","-8.0","E,1228,","72.5",",E,1102,","39.5","E,0719,","-0.5","E,1120","-3.7","E,1205","-6.7","E,1208","-6.7","E,1208","","","-2.0","E,0216","-7.5","E,0214","-7.5","E,0214","-7.5","E,0214","","","2260.4","","2260.4","E","639.0",",E","13.73","E","18.65","E","8.80","E"
"ITE00100550","1872","44.5","11.3458","53.0","BOLOGNA, IT","740.4","","740.4","E","75","E","60","E","0","E","21","E","0","E","172","E","42","E","-6.0","E,0101,","38.0",",E,1022,","38.0","E,0728,","-3.0","E,1224","-3.0","E,1224","","","","","","","-1.5","E,0204","-3.0","E,0116","-6.0","E,0101","","","","","2261.3","","2261.3","E","560.0",",E","15.22","E","20.07","E","10.36","E"
"ITE00100550","1873","44.5","11.3458","53.0","BOLOGNA, IT","743.0","","743.0","E","87","E","63","E","0","E","28","E","0","E","151","E","44","E","-5.5","E,1231,","43.0",",E,1030,","37.0","E,0801,+","-2.0","E,1208","-3.0","E,1227","-5.5","E,1231","","","","","0.0","E,0217","-2.5","E,0216","","","","","","","1937.2","","1937.2","E","668.0",",E","14.70","E","19.18","E","10.22","E"
"ITE00100550","1874","44.5","11.3458","53.0","BOLOGNA, IT","837.1","","837.1","E","74","E","57","E","0","E","59","E","0","E","166","E","39","E","-8.5","E,0114,","73.0",",E,0507,","39.0","E,0705,","0.0","E,1113","-2.5","E,1127","-4.5","E,1224","","","","","0.0","E,0314","-3.0","E,0213","-4.5","E,0116","-7.0","E,0115","","","2185.6","","2185.6","E","794.0",",E","14.44","E","19.20","E","9.67","E"
"ITE00100550","1875","44.5","11.3458","53.0","BOLOGNA, IT","844.8","","844.8","E","61","E","50","E","0","E","75","E","0","E","171","E","36","E","-5.5","E,0212,","80.0",",E,0305,","36.5","E,0820,","0.0","E,1130","-2.6","E,1209","","","","","","","-1.0","E,0325","-2.5","E,0323","-5.0","E,0223","","","","","2350.7","","2350.7","E","698.5",",E","14.07","E","18.87","E","9.27","E"
"ITE00100550","1876","44.5","11.3458","53.0","BOLOGNA, IT","744.4","","744.4","E","67","E","60","E","0","E","50","E","6","E","160","E","39","E","-6.0","E,1228,","76.0",",E,1025,","36.3","E,0806,","0.0","E,1109","-2.5","E,1226","-5.0","E,1227","","","","","0.0","E,0320","-4.0","E,0212","-5.5","E,0120","","","","","2186.5","","2186.5","E","1105.0",",E","14.47","E","19.31","E","9.63","E"
"ITE00100550","1877","44.5","11.3458","53.0","BOLOGNA, IT","865.5","","865.5","E","58","E","55","E","0","E","48","E","0","E","146","E","60","E","-5.0","E,0204,","75.0",",E,0803,","38.0","E,0821,","0.0","E,1210","-2.2","E,1218","","","","","","","-1.0","E,0314","-4.0","E,0311","-5.0","E,0204","","","","","2158.8","","2158.8","E","743.0",",E","14.41","E","19.65","E","9.18","E"
"ITE00100550","1878","44.5","11.3458","53.0","BOLOGNA, IT","721.0","","721.0","E","59","E","58","E","0","E","72","E","8","E","177","E","48","E","-11.0","E,1223,","72.0",",E,1014,","38.0","E,0723,","0.0","E,1108","-4.0","E,1211","-7.0","E,1213","-7.0","E,1213","-11.0","E,1223","-1.0","E,0326","-2.5","E,0317","-4.8","E,0130","-7.0","E,0114","","","2234.3","","2234.3","E","898.5",",E","14.14","E","19.89","E","8.39","E"
"ITE00100550","1879","44.5","11.3458","53.0","BOLOGNA, IT","822.9","","822.9","E","67","E","60","E","0","E","57","E","14","E","155","E","50","E","-11.0","E,1209,","70.0",",E,0225,","37.5","E,0803,","-1.0","E,1116","-4.0","E,1201","-9.2","E,1203","-9.2","E,1203","-9.2","E,1203","0.0","E,0124","-3.0","E,0122","-5.0","E,0108","","","","","2214.3","","2214.3","E","843.5",",E","13.95","E","18.94","E","8.96","E"
"ITE00100550","1880","44.5","11.3458","53.0","BOLOGNA, IT","594.2","","594.2","E","63","E","51","E","0","E","38","E","5","E","154","E","18","E","-10.8","E,0122,","59.0",",E,0830,","35.5","E,0718,","-0.2","E,1207","","","","","","","","","0.0","E,0323","-4.3","E,0127","-5.0","E,0126","-7.0","E,0123","-10.8","E,0122","2660.1","","2660.1","E","886.1",",E","13.75","E","17.78","E","9.72","E"
"ITE00100550","1881","44.5","11.3458","53.0","BOLOGNA, IT","648.9","","648.9","E","95","E","67","E","0","E","27","E","4","E","120","E","13","E","-7.0","E,0124,","40.0",",E,0930,","34.0","E,0721,","","","","","","","","","","","-0.7","E,0215","-3.4","E,0129","-6.5","E,0125","-7.0","E,0124","","","2192.3","","2192.3","E","868.1",",E","13.49","E","16.01","E","10.97","E"
"ITE00100550","1882","44.5","11.3458","53.0","BOLOGNA, IT","500.1","","500.1","E","97","E","60","E","0","E","25","E","0","E","130","E","4","E","-4.0","E,0125,","41.3",",E,1007,","33.4","E,0716,","0.0","E,1130","-3.0","E,1202","","","","","","","-1.0","E,0223","-3.0","E,0202","","","","","","","2193.3","","2193.3","E","609.2",",E","13.90","E","17.62","E","10.18","E"
"ITE00100550","1883","44.5","11.3458","53.0","BOLOGNA, IT","531.8","","531.8","E","91","E","56","E","0","E","39","E","0","E","135","E","4","E","-3.0","E,0313,+","26.8",",E,0505,","34.5","E,0714,+","-2.2","E,1201","-2.2","E,1201","","","","","","","-1.0","E,0324","-3.0","E,0313","","","","","","","2316.3","","2316.3","E","506.0",",E","13.17","E","16.30","E","10.05","E"
"ITE00100550","1884","44.5","11.3458","53.0","BOLOGNA, IT","474.2","","474.2","E","110","E","66","E","0","E","31","E","0","E","130","E","6","E","-3.4","E,1216,","58.2",",E,0322,","35.5","E,0719,","-0.4","E,1122","-2.7","E,1206","","","","","","","0.0","E,0220","-2.5","E,0127","","","","","","","2229.8","","2229.8","E","794.9",",E","13.43","E","16.63","E","10.22","E"
"ITE00100550","1885","44.5","11.3458","53.0","BOLOGNA, IT","579.6","","579.6","E","129","E","79","E","0","E","36","E","0","E","132","E","4","E","-6.9","E,1222,","47.0",",E,0117,","34.7","E,0802,","-1.3","E,1210","-2.6","E,1211","-6.4","E,1214","-6.9","E,1222","","","-1.0","E,0315","-2.2","E,0213","","","","","","","2370.3","","2370.3","E","908.4",",E","13.43","E","16.67","E","10.19","E"
"ITE00100550","1886","44.5","11.3458","53.0","BOLOGNA, IT","563.3","","563.3","E","109","E","62","E","0","E","47","E","0","E","143","E","10","E","-6.2","E,0101,","42.7",",E,1027,","35.3","E,0723,","-0.8","E,1223","","","","","","","","","-1.0","E,0315","-3.2","E,0313","-5.0","E,0119","","","","","2488.8","","2488.8","E","640.2",",E","13.40","E","17.32","E","9.47","E"
"ITE00100550","1887","44.5","11.3458","53.0","BOLOGNA, IT","667.7","","667.7","E","114","E","94","E","0","E","44","E","2","E","135","E","7","E","-8.0","E,1231,","32.9",",E,1010,","34.1","E,0817,","-0.8","E,1118","-2.5","E,1217","-6.0","E,1227","-8.0","E,1231","","","-0.5","E,0223","-2.6","E,0221","-4.4","E,0220","-7.1","E,0218","","","2300.2","","2300.2","E","905.4",",E","13.15","E","16.65","E","9.66","E"
"ITE00100550","1888","44.5","11.3458","53.0","BOLOGNA, IT","632.7","","632.7","E","104","E","60","E","0","E","64","E","14","E","155","E","15","E","-12.2","E,0115,","42.7",",E,0227,","34.3","E,0728,+","-2.0","E,1111","-2.4","E,1214","-4.9","E,1219","","","","","-0.6","E,0313","-2.7","E,0305","-7.5","E,0211","-7.5","E,0211","-10.5","E,0210","2629.8","","2629.8","E","564.2",",E","13.09","E","16.97","E","9.21","E"
"ITE00100550","1889","44.5","11.3458","53.0","BOLOGNA, IT","574.4","","574.4","E","126","E","75","E","0","E","58","E","0","E","144","E","4","E","-5.0","E,0207,","79.2",",E,1030,","33.6","E,0805,","-1.7","E,1121","-2.8","E,1208","","","","","","","-1.3","E,0317","-2.2","E,0316","-4.8","E,0215","","","","","2416.0","","2416.0","E","835.5",",E","13.15","E","16.69","E","9.60","E"
"ITE00100550","1890","44.5","11.3458","53.0","BOLOGNA, IT","569.4","","569.4","E","84","E","41","E","0","E","59","E","9","E","153","E","12","E","-6.2","E,1213,+","50.1",",E,1128,","35.2","E,0718,","-0.5","E,1210","-2.8","E,1212","-6.2","E,1213","","","","","-3.0","E,0306","-3.0","E,0306","-5.0","E,0304","","","","","2431.2","","2431.2","E","443.0",",E","12.94","E","16.60","E","9.28","E"
"ITE00100550","1891","44.5","11.3458","53.0","BOLOGNA, IT","543.7","","543.7","E","89","E","45","E","0","E","61","E","14","E","139","E","5","E","-11.0","E,0117,","66.6",",E,1004,","35.3","E,0702,","-0.5","E,1101","-3.2","E,1220","-4.7","E,1221","","","","","-0.2","E,0325","-3.2","E,0216","-6.5","E,0215","-7.8","E,0206","-11.0","E,0117","2712.9","","2712.9","E","566.4",",E","12.79","E","16.38","E","9.20","E"
"ITE00100550","1892","44.5","11.3458","53.0","BOLOGNA, IT","670.8","","670.8","E","120","E","62","E","0","E","65","E","5","E","153","E","7","E","-7.8","E,0104,","59.3",",E,0517,","33.5","E,0817,","-2.2","E,1127","-2.2","E,1127","-4.7","E,1212","","","","","-1.2","E,0314","-2.2","E,0313","-5.1","E,0122","-7.2","E,0107","","","2362.1","","2362.1","E","956.4",",E","13.38","E","17.19","E","9.56","E"
"ITE00100550","1893","44.5","11.3458","53.0","BOLOGNA, IT","533.9","","533.9","E","109","E","68","E","0","E","54","E","17","E","156","E","12","E","-11.0","E,0113,","43.2",",E,1108,","34.9","E,0824,","-1.4","E,1130","-4.0","E,1230","","","","","","","-0.8","E,0328","-2.6","E,0214","-4.4","E,0207","-8.3","E,0206","-9.7","E,0115","2504.5","","2504.5","E","860.3",",E","13.18","E","17.35","E","9.02","E"
"ITE00100550","1894","44.5","11.3458","53.0","BOLOGNA, IT","564.3","","564.3","E","96","E","51","E","0","E","44","E","9","E","148","E","17","E","-10.6","E,0113,","123.9",",E,0930,","35.8","E,0725,","-0.2","E,1126","-4.4","E,1222","-4.4","E,1222","","","","","-1.0","E,0224","-3.8","E,0221","-4.6","E,0117","-9.7","E,0114","-9.7","E,0114","2265.9","","2265.9","E","694.6",",E","13.47","E","17.63","E","9.31","E"
"ITE00100550","1895","44.5","11.3458","53.0","BOLOGNA, IT","555.0","","555.0","E","114","E","77","E","0","E","80","E","13","E","146","E","9","E","-9.7","E,0219,","51.8",",E,1027,","34.9","E,0729,","-0.9","E,1125","-4.8","E,1127","-4.8","E,1127","","","","","-1.5","E,0309","-2.6","E,0307","-5.1","E,0223","-7.0","E,0221","-9.7","E,0219","2631.3","","2631.3","E","1099.8",",E","12.54","E","16.36","E","8.71","E"
"ITE00100550","1896","44.5","11.3458","53.0","BOLOGNA, IT","365.7","","365.7","E","117","E","75","E","0","E","57","E","7","E","122","E","1","E","-5.6","E,0123,","77.9",",E,1117,","32.6","E,0711,","-0.8","E,1127","","","","","","","","","-0.7","E,0304","-2.7","E,0302","-5.5","E,0301","","","","","2524.6","","2524.6","E","1039.7",",E","12.34","E","16.14","E","8.55","E"
"ITE00100550","1897","44.5","11.3458","53.0","BOLOGNA, IT","530.6","","530.6","E","95","E","59","E","0","E","36","E","10","E","131","E","9","E","-8.7","E,0130,","112.8",",E,1022,","36.0","E,0701,","-0.1","E,1126","-3.4","E,1127","-6.6","E,1224","-6.7","E,1227","","","-0.7","E,0203","-2.6","E,0201","-8.7","E,0130","-8.7","E,0130","","","2226.9","","2226.9","E","919.6",",E","13.31","E","16.88","E","9.74","E"
"ITE00100550","1898","44.5","11.3458","53.0","BOLOGNA, IT","428.0","","428.0","E","129","E","85","E","0","E","31","E","0","E","136","E","2","E","-6.0","E,0117,","58.5",",E,1003,","32.3","E,0822,+","-1.8","E,1212","-2.3","E,1222","","","","","","","-2.2","E,0218","-2.2","E,0218","-5.0","E,0118","","","","","2404.5","","2404.5","E","1115.4",",E","13.72","E","17.39","E","10.04","E"
"ITE00100550","1899","44.5","11.3458","53.0","BOLOGNA, IT","519.3","","519.3","E","111","E","62","E","0","E","39","E","9","E","142","E","4","E","-9.2","E,1214,","45.7",",E,0923,","34.1","E,0723,","-2.5","E,1204","-2.5","E,1204","-6.2","E,1211","-7.7","E,1213","-9.2","E,1214","-1.3","E,0326","-2.4","E,0308","-4.4","E,0227","","","","","2157.6","","2157.6","E","748.1",",E","13.18","E","17.03","E","9.32","E"
"ITE00100550","1900","44.5","11.3458","53.0","BOLOGNA, IT","544.2","","544.2","E","125","E","80","E","0","E","28","E","0","E","147","E","5","E","-4.6","E,0303,","35.2",",E,0629,","34.8","E,0729,","-3.5","E,1231","-3.5","E,1231","","","","","","","-2.5","E,0308","-2.5","E,0308","-4.6","E,0303","","","","","2480.7","","2480.7","E","832.1",",E","13.75","E","17.11","E","10.39","E"
"ITE00100550","1901","44.5","11.3458","53.0","BOLOGNA, IT","509.3","","509.3","E","104","E","63","E","0","E","49","E","13","E","127","E","0","E","-9.4","E,0217,","61.3",",E,1016,","31.0","E,0701,","-0.2","E,1129","-3.8","E,1207","","","","","","","-1.2","E,0330","-4.3","E,0223","-5.1","E,0222","-9.4","E,0217","-9.4","E,0217","2327.2","","2327.2","E","765.7",",E","12.75","E","15.91","E","9.58","E"
"ITE00100550","1902","44.5","11.3458","53.0","BOLOGNA, IT","481.6","","481.6","E","90","E","44","E","0","E","28","E","2","E","117","E","7","E","-7.4","E,1124,","73.0",",E,0216,","33.8","E,0820,","-0.4","E,1118","-5.6","E,1123","-5.6","E,1123","-7.4","E,1124","","","-0.1","E,0211","-2.2","E,0121","","","","","","","2305.6","","2305.6","E","614.1",",E","13.02","E","16.14","E","9.90","E"
"ITE00100550","1903","44.5","11.3458","53.0","BOLOGNA, IT","542.4","","542.4","E","92","E","60","E","0","E","19","E","6","E","129","E","2","E","-5.2","E,0123,+","28.3",",E,1217,","33.1","E,0810,","0.0","E,1229","","","","","","","","","-0.9","E,0218","-2.2","E,0201","-5.2","E,0123","","","","","2414.5","","2414.5","E","547.9",",E","13.72","E","16.74","E","10.70","E"
"ITE00100550","1904","44.5","11.3458","53.0","BOLOGNA, IT","691.2","","691.2","E","87","E","58","E","0","E","11","E","0","E","134","E","11","E","-4.9","E,1223,","41.9",",E,0117,","34.0","E,0725,","0.0","E,1128","-2.7","E,1129","-4.9","E,1223","","","","","-1.9","E,0302","","","","","","","","","2068.7","","2068.7","E","629.1",",E","14.16","E","16.99","E","11.32","E"
"ITE00100550","1905","44.5","11.3458","53.0","BOLOGNA, IT","589.0","","589.0","E","105","E","65","E","0","E","46","E","9","E","121","E","6","E","-7.5","E,0116,","54.5",",E,1108,","34.6","E,0703,","-1.1","E,1222","-3.2","E,1223","-4.4","E,1226","","","","","0.0","E,0223","-3.3","E,0215","-4.6","E,0213","-7.5","E,0116","","","2469.2","","2469.2","E","727.1",",E","13.00","E","15.86","E","10.15","E"
"ITE00100550","1906","44.5","11.3458","53.0","BOLOGNA, IT","585.0","","585.0","E","90","E","56","E","0","E","27","E","1","E","124","E","3","E","-5.0","E,1231,","43.0",",E,0516,","33.7","E,0804,","0.0","E,1221","-2.6","E,1230","-5.0","E,1231","","","","","-4.1","E,0212","-4.1","E,0212","","","","","","","2438.8","","2438.8","E","611.5",",E","13.55","E","16.47","E","10.63","E"
"ITE00100550","1907","44.5","11.3458","53.0","BOLOGNA, IT","610.4","","610.4","E","84","E","48","E","0","E","37","E","9","E","145","E","6","E","-8.3","E,0129,","47.9",",E,1109,","34.3","E,0806,","","","","","","","","","","","0.0","E,0305","-2.2","E,0213","-4.8","E,0201","-7.0","E,0130","","","2469.0","","2469.0","E","547.7",",E","13.57","E","16.50","E","10.65","E"
"ITE00100550","1908","44.5","11.3458","53.0","BOLOGNA, IT","565.0","","565.0","E","88","E","47","E","0","E","28","E","0","E","141","E","1","E","-5.2","E,0125,","32.8",",E,0826,","32.9","E,0801,","0.0","E,1130","-3.0","E,1202","","","","","","","-1.3","E,0206","-3.3","E,0205","-4.8","E,0126","","","","","2114.5","","2114.5","E","465.6",",E","13.46","E","16.54","E","10.38","E"
"ITE00100550","1909","44.5","11.3458","53.0","BOLOGNA, IT","507.3","","507.3","E","79","E","48","E","0","E","35","E","4","E","140","E","9","E","-5.0","E,0112,","58.3",",E,0918,","33.6","E,0726,","0.0","E,1203","","","","","","","","","-0.8","E,0301","-2.3","E,0226","-5.0","E,0112","","","","","2512.7","","2512.7","E","520.4",",E","13.19","E","16.03","E","10.35","E"
"ITE00100550","1910","44.5","11.3458","53.0","BOLOGNA, IT","478.2","","478.2","E","103","E","65","E","0","E","18","E","0","E","125","E","1","E","-3.9","E,0109,","41.7",",E,0613,","32.4","E,0822,","-1.0","E,1123","-2.4","E,1127","","","","","","","-1.4","E,0129","-3.9","E,0109","","","","","","","2127.1","","2127.1","E","721.3",",E","13.60","E","16.43","E","10.77","E"
"ITE00100550","1911","44.5","11.3458","53.0","BOLOGNA, IT","653.2","","653.2","E","88","E","54","E","0","E","30","E","0","E","132","E","7","E","-3.6","E,0201,","50.1",",E,0508,","34.2","E,0728,","-0.4","E,1226","","","","","","","","","-1.0","E,0221","-2.9","E,0210","","","","","","","2339.9","","2339.9","E","623.4",",E","14.00","E","16.79","E","11.21","E"
"ITE00100550","1912","44.5","11.3458","53.0","BOLOGNA, IT","536.4","","536.4","E","75","E","47","E","0","E","13","E","1","E","130","E","0","E","-3.3","E,0116,","53.9",",E,0613,","31.2","E,0624,","","","","","","","","","","","-1.9","E,0205","-2.5","E,0117","","","","","","","1936.8","","1936.8","E","539.7",",E","13.73","E","16.47","E","11.00","E"
"ITE00100550","1913","44.5","11.3458","53.0","BOLOGNA, IT","483.9","","483.9","E","83","E","46","E","0","E","25","E","0","E","127","E","0","E","-4.3","E,1224,","63.4",",E,0626,","31.7","E,0611,","-2.2","E,1223","-2.2","E,1223","","","","","","","-0.4","E,0303","-3.2","E,0219","","","","","","","2355.6","","2355.6","E","560.5",",E","13.71","E","16.57","E","10.86","E"
"ITE00100550","1914","44.5","11.3458","53.0","BOLOGNA, IT","518.6","","518.6","E","88","E","52","E","0","E","33","E","2","E","123","E","0","E","-5.8","E,0107,","27.8",",E,0704,","32.0","E,0815,","-1.6","E,1129","","","","","","","","","-3.0","E,0210","-3.0","E,0210","-4.7","E,0124","","","","","2119.6","","2119.6","E","569.1",",E","13.65","E","16.48","E","10.82","E"
"ITE00100550","1915","44.5","11.3458","53.0","BOLOGNA, IT","487.7","","487.7","E","95","E","58","E","0","E","22","E","0","E","131","E","5","E","-4.1","E,1129,","49.1",",E,0813,","32.9","E,0810,","-0.6","E,1127","-4.1","E,1129","","","","","","","0.0","E,0301","-2.7","E,0205","","","","","","","2199.6","","2199.6","E","657.9",",E","13.42","E","16.63","E","10.22","E"
"ITE00100550","1916","44.5","11.3458","53.0","BOLOGNA, IT","536.1","","536.1","E","77","E","46","E","0","E","12","E","0","E","132","E","7","E","-5.1","E,0125,","59.1",",E,1110,","35.3","E,0711,","","","","","","","","","","","0.0","E,0222","-3.9","E,0129","-5.1","E,0125","","","","","2167.1","","2167.1","E","631.3",",E","14.20","E","17.58","E","10.83","E"
"ITE00100550","1917","44.5","11.3458","53.0","BOLOGNA, IT","728.1","","728.1","E","94","E","54","E","0","E","52","E","13","E","149","E","5","E","-9.3","E,0216,","65.0",",E,0624,","34.6","E,0814,","-0.7","E,1124","-2.6","E,1125","","","","","","","-0.2","E,0317","-7.9","E,0217","-7.9","E,0217","-7.9","E,0217","-9.3","E,0216","2421.9","","2421.9","E","729.2",",E","13.19","E","16.41","E","9.96","E"
"ITE00100550","1918","44.5","11.3458","53.0","BOLOGNA, IT","568.7","","568.7","E","87","E","53","E","0","E","39","E","0","E","137","E","6","E","-4.6","E,0112,","49.1",",E,0927,","36.7","E,0718,","-0.5","E,1123","-2.9","E,1126","","","","","","","-1.5","E,0220","-2.2","E,0217","-4.6","E,0112","","","","","2356.2","","2356.2","E","515.0",",E","13.45","E","16.60","E","10.30","E"
"ITE00100550","1919","44.5","11.3458","53.0","BOLOGNA, IT","568.3","","568.3","E","96","E","46","E","0","E","16","E","0","E","134","E","4","E","-5.2","E,0209,","52.4",",E,1101,","33.3","E,0821,","0.0","E,1118","-2.6","E,1217","","","","","","","-1.7","E,0213","-2.4","E,0212","-5.2","E,0209","","","","","2278.4","","2278.4","E","481.4",",E","13.43","E","16.64","E","10.21","E"
"ITE00100550","1920","44.5","11.3458","53.0","BOLOGNA, IT","674.6","","674.6","E","84","E","55","E","0","E","4","E","0","E","152","E","10","E","-1.6","E,1031,","37.1",",E,0816,","37.0","E,0719,","-1.6","E,1031","","","","","","","","","-0.3","E,0207","","","","","","","","","2013.4","","2013.4","E","651.9",",E","14.70","E","17.88","E","11.51","E"
"ITE00100550","1921","44.5","11.3458","53.0","BOLOGNA, IT","724.7","","724.7","E","71","E","38","E","0","E","12","E","0","E","158","E","25","E","-3.7","E,1229,","26.0",",E,1225,","35.9","E,0811,","-0.9","E,1213","-3.0","E,1215","","","","","","","-0.2","E,0219","","","","","","","","","2223.6","","2223.6","E","413.3",",E","14.58","E","17.94","E","11.22","E"
"ITE00100550","1922","44.5","11.3458","53.0","BOLOGNA, IT","707.7","","707.7","E","81","E","42","E","0","E","34","E","3","E","135","E","14","E","-6.1","E,0208,","36.4",",E,0619,","36.7","E,0809,","-0.9","E,1119","-3.3","E,1210","","","","","","","-0.6","E,0214","-5.3","E,0210","-5.3","E,0210","","","","","2175.9","","2175.9","E","372.3",",E","13.92","E","17.18","E","10.67","E"
"ITE00100550","1923","44.5","11.3458","53.0","BOLOGNA, IT","671.8","","671.8","E","69","E","44","E","0","E","21","E","0","E","159","E","16","E","-4.3","E,0130,","37.5",",E,0212,","36.4","E,0715,","0.0","E,1219","-2.3","E,1230","","","","","","","-0.7","E,0203","-4.3","E,0130","","","","","","","2254.4","","2254.4","E","417.7",",E","14.62","E","18.02","E","11.22","E"
"ITE00100550","1924","44.5","11.3458","53.0","BOLOGNA, IT","623.4","","623.4","E","82","E","48","E","0","E","29","E","3","E","148","E","3","E","-8.6","E,0107,","44.8",",E,0401,","35.0","E,0705,","-0.3","E,1117","","","","","","","","","-0.3","E,0315","-2.3","E,0225","-6.2","E,0108","-8.6","E,0107","","","2093.8","","2093.8","E","511.0",",E","14.04","E","17.24","E","10.83","E"
"ITE00100550","1925","44.5","11.3458","53.0","BOLOGNA, IT","602.9","","602.9","E","79","E","48","E","0","E","29","E","2","E","138","E","6","E","-5.9","E,1206,","48.1",",E,1106,","35.7","E,0811,","-0.2","E,1129","-4.8","E,1205","-4.8","E,1205","","","","","-0.2","E,0319","","","","","","","","","2033.6","","2033.6","E","455.4",",E","14.08","E","17.51","E","10.66","E"
"ITE00100550","1926","44.5","11.3458","53.0","BOLOGNA, IT","633.3","","633.3","E","95","E","61","E","0","E","30","E","5","E","137","E","5","E","-8.3","E,0113,","29.4",",E,1227,","32.9","E,0822,+","-1.3","E,1211","-2.4","E,1218","","","","","","","-0.1","E,0207","-4.9","E,0124","-4.9","E,0124","-7.1","E,0114","","","2263.5","","2263.5","E","558.3",",E","14.30","E","17.43","E","11.16","E"
"ITE00100550","1927","44.5","11.3458","53.0","BOLOGNA, IT","779.7","","779.7","E","93","E","57","E","0","E","25","E","5","E","153","E","25","E","-4.2","E,1220,","106.1",",E,1207,","34.3","E,0809,","-2.3","E,1217","-2.3","E,1217","","","","","","","0.0","E,0222","-2.8","E,0221","","","","","","","1957.0","","1957.0","E","717.5",",E","14.94","E","18.21","E","11.67","E"
"ITE00100550","1928","44.5","11.3458","53.0","BOLOGNA, IT","825.5","","825.5","E","102","E","64","E","0","E","16","E","3","E","123","E","40","E","-4.4","E,1221,","97.3",",E,0916,","37.1","E,0802,","-4.4","E,1221","-4.4","E,1221","-4.4","E,1221","","","","","-0.2","E,0322","","","","","","","","","2089.3","","2089.3","E","814.6",",E","14.53","E","17.55","E","11.51","E"
"ITE00100550","1929","44.5","11.3458","53.0","BOLOGNA, IT","843.3","","843.3","E","64","E","36","E","0","E","53","E","21","E","151","E","18","E","-11.5","E,0212,","45.5",",E,0812,","35.7","E,0723,","","","","","","","","","","","-1.2","E,0306","-3.7","E,0304","-5.4","E,0222","-6.8","E,0217","-9.8","E,0216","2524.7","","2524.7","E","556.5",",E","13.77","E","16.88","E","10.65","E"
"ITE00100550","1930","44.5","11.3458","53.0","BOLOGNA, IT","711.4","","711.4","E","107","E","57","E","0","E","17","E","5","E","141","E","8","E","-2.8","E,0122,","31.8",",E,1025,","35.7","E,0706,","-1.2","E,1218","-2.4","E,1219","","","","","","","-0.4","E,0211","-2.3","E,0123","","","","","","","2123.1","","2123.1","E","527.6",",E","14.42","E","17.43","E","11.41","E"
"ITE00100550","1931","44.5","11.3458","53.0","BOLOGNA, IT","851.6","","851.6","E","71","E","40","E","0","E","27","E","2","E","137","E","33","E","-5.6","E,1220,","23.1",",E,0213,","37.1","E,0615,","-0.7","E,1204","-3.2","E,1219","-5.6","E,1220","","","","","-0.2","E,0307","-2.3","E,0208","","","","","","","2202.2","","2202.2","E","390.2",",E","14.20","E","17.46","E","10.95","E"
"ITE00100550","1932","44.5","11.3458","53.0","BOLOGNA, IT","737.4","","737.4","E","88","E","62","E","0","E","33","E","5","E","145","E","15","E","-7.0","E,0213,","82.3",",E,0721,","34.3","E,0818,","-1.9","E,1221","-2.6","E,1222","","","","","","","-0.5","E,0303","-2.8","E,0228","-5.2","E,0215","-7.0","E,0213","","","2438.4","","2438.4","E","768.7",",E","14.02","E","17.11","E","10.93","E"
"ITE00100550","1933","44.5","11.3458","53.0","BOLOGNA, IT","650.5","","650.5","E","99","E","55","E","0","E","39","E","11","E","154","E","18","E","-7.2","E,1220,","155.7",",E,0224,","35.0","E,0811,","-0.2","E,1204","-2.3","E,1211","-6.3","E,1219","-7.2","E,1220","","","-0.6","E,0226","-2.4","E,0124","","","","","","","2172.6","","2172.6","E","908.4",",E","13.57","E","16.63","E","10.52","E"
"ITE00100550","1934","44.5","11.3458","53.0","BOLOGNA, IT","743.6","","743.6","E","103","E","58","E","0","E","21","E","0","E","160","E","10","E","-3.3","E,0115,","66.6",",E,0826,","35.4","E,0721,","-2.6","E,1202","-2.6","E,1202","","","","","","","-0.9","E,0223","-2.3","E,0213","","","","","","","2233.6","","2233.6","E","742.5",",E","14.74","E","17.90","E","11.58","E"
"ITE00100550","1935","44.5","11.3458","53.0","BOLOGNA, IT","801.3","","801.3","E","94","E","58","E","0","E","44","E","12","E","149","E","29","E","-10.6","E,0213,","58.6",",E,1006,","39.0","E,0628,","-0.2","E,1213","-2.4","E,1217","","","","","","","-0.4","E,0310","-2.7","E,0221","-5.8","E,0214","-10.6","E,0213","-10.6","E,0213","2234.3","","2234.3","E","663.4",",E","14.37","E","17.67","E","11.07","E"
"ITE00100550","1936","44.5","11.3458","53.0","BOLOGNA, IT","735.1","","735.1","E","101","E","58","E","0","E","12","E","0","E","138","E","17","E","-4.3","E,1127,","60.4",",E,0512,","34.9","E,0728,","-1.7","E,1126","-4.3","E,1127","","","","","","","-0.8","E,0214","-2.2","E,0213","","","","","","","1901.7","","1901.7","E","684.0",",E","14.52","E","17.59","E","11.46","E"
"ITE00100550","1937","44.5","11.3458","53.0","BOLOGNA, IT","732.8","","732.8","E","118","E","76","E","0","E","18","E","0","E","138","E","11","E","-2.3","E,0105,","48.2",",E,0830,","34.3","E,0614,","-0.4","E,1222","","","","","","","","","-1.0","E,0131","-2.3","E,0105","","","","","","","2201.4","","2201.4","E","862.2",",E","14.53","E","17.55","E","11.51","E"
"ITE00100550","1938","44.5","11.3458","53.0","BOLOGNA, IT","667.3","","667.3","E","65","E","42","E","0","E","33","E","16","E","146","E","19","E","-5.9","E,1229,","29.4",",E,0522,","34.8","E,0626,","-2.4","E,1218","-2.4","E,1218","-5.0","E,1219","","","","","-1.0","E,0211","-3.8","E,0113","-4.4","E,0112","","","","","2276.7","","2276.7","E","376.3",",E","14.06","E","17.38","E","10.74","E"
"ITE00100550","1939","44.5","11.3458","53.0","BOLOGNA, IT","640.5","","640.5","E","94","E","54","E","0","E","17","E","3","E","128","E","6","E","-6.3","E,1230,","46.1",",E,0614,","34.5","E,0709,","-0.5","E,1222","-4.3","E,1229","-6.3","E,1230","","","","","-0.1","E,0202","-3.0","E,0110","","","","","","","2119.5","","2119.5","E","687.4",",E","13.87","E","16.85","E","10.89","E"
"ITE00100550","1940","44.5","11.3458","53.0","BOLOGNA, IT","587.6","","587.6","E","90","E","56","E","0","E","61","E","26","E","148","E","3","E","-9.0","E,0215,","60.2",",E,1013,","32.9","E,0727,+","0.0","E,1206","-4.3","E,1217","-4.7","E,1227","","","","","-0.4","E,0308","-4.1","E,0218","-6.9","E,0217","-6.9","E,0217","-9.0","E,0215","2369.4","","2369.4","E","686.4",",E","13.18","E","16.14","E","10.21","E"
"ITE00100550","1941","44.5","11.3458","53.0","BOLOGNA, IT","551.7","","551.7","E","99","E","52","E","0","E","36","E","11","E","134","E","8","E","-8.1","E,0112,","41.6",",E,0110,","33.0","E,0726,","-0.4","E,1115","-4.5","E,1229","-4.5","E,1229","","","","","-0.5","E,0207","-2.2","E,0121","-5.2","E,0114","-8.1","E,0112","","","2382.5","","2382.5","E","636.5",",E","13.12","E","16.48","E","9.76","E"
"ITE00100550","1942","44.5","11.3458","53.0","BOLOGNA, IT","733.7","","733.7","E","93","E","48","E","0","E","63","E","17","E","152","E","10","E","-8.4","E,0124,","31.2",",E,0720,","34.6","E,0710,","-3.4","E,1203","-3.4","E,1203","","","","","","","-0.8","E,0228","-2.2","E,0217","-4.9","E,0214","-8.4","E,0124","","","2609.7","","2609.7","E","528.7",",E","13.60","E","16.97","E","10.23","E"
"ITE00100550","1943","44.5","11.3458","53.0","BOLOGNA, IT","777.1","","777.1","E","94","E","61","E","0","E","27","E","1","E","159","E","32","E","-5.1","E,0117,","53.1",",E,0217,","36.2","E,0822,","-0.3","E,1225","-2.4","E,1231","","","","","","","-0.2","E,0217","-2.4","E,0129","-5.1","E,0117","","","","","2069.5","","2069.5","E","810.8",",E","14.65","E","18.67","E","10.63","E"
"ITE00100550","1944","44.5","11.3458","53.0","BOLOGNA, IT","585.9","","585.9","E","91","E","60","E","0","E","43","E","0","E","141","E","12","E","-5.2","E,0120,","66.3",",E,0711,","34.2","E,0727,","-0.6","E,1205","-3.2","E,1223","","","","","","","0.0","E,0306","-2.2","E,0223","-5.2","E,0120","","","","","2244.7","","2244.7","E","745.5",",E","13.46","E","17.46","E","9.46","E"
"ITE00100550","1945","44.5","11.3458","53.0","BOLOGNA, IT","877.1","","877.1","E","59","E","37","E","0","E","50","E","6","E","167","E","32","E","-8.4","E,0111,","29.3",",E,0801,","38.0","E,0728,","-1.0","E,1129","-3.5","E,1130","","","","","","","-0.5","E,0228","-2.2","E,0201","-4.5","E,0131","-7.3","E,0112","","","2291.6","","2291.6","E","325.1",",E","14.69","E","18.95","E","10.43","E"
"ITE00100550","1946","44.5","11.3458","53.0","BOLOGNA, IT","790.8","","790.8","E","83","E","51","E","0","E","51","E","7","E","167","E","33","E","-5.0","E,1230,","31.7",",E,0316,","37.3","E,0805,","-0.3","E,1027","-3.4","E,1216","-5.0","E,1230","","","","","-0.7","E,0221","-3.0","E,0218","","","","","","","2065.7","","2065.7","E","551.0",",E","14.24","E","18.49","E","9.98","E"
"ITE00100550","1947","44.5","11.3458","53.0","BOLOGNA, IT","817.5","","817.5","E","82","E","51","E","0","E","78","E","24","E","162","E","33","E","-11.6","E,0106,","47.5",",E,1011,","39.7","E,0804,","-0.6","E,1128","-3.5","E,1208","-6.5","E,1216","","","","","-0.2","E,0310","-3.0","E,0224","-4.8","E,0203","-7.6","E,0201","-9.5","E,0108","2597.1","","2597.1","E","620.0",",E","13.62","E","17.86","E","9.38","E"
"ITE00100550","1948","44.5","11.3458","53.0","BOLOGNA, IT","492.2","","492.2","E","80","E","53","E","0","E","54","E","3","E","155","E","14","E","-10.5","E,1224,","70.0",",E,1031,","35.0","E,0809,","-0.8","E,1124","-3.6","E,1208","-5.4","E,1223","-10.5","E,1224","-10.5","E,1224","-0.6","E,0302","-2.5","E,0229","-5.8","E,0225","","","","","2256.5","","2256.5","E","523.6",",E","13.50","E","18.14","E","8.85","E"
"ITE00100550","1949","44.5","11.3458","53.0","BOLOGNA, IT","643.9","","643.9","E","75","E","50","E","0","E","53","E","1","E","158","E","18","E","-6.4","E,0204,","49.8",",E,1115,","35.7","E,0729,","-0.5","E,1201","-3.5","E,1226","","","","","","","-0.3","E,0324","-5.0","E,0308","-5.0","E,0308","","","","","2296.1","","2296.1","E","621.6",",E","14.13","E","18.23","E","10.03","E"
"ITE00100550","1950","44.5","11.3458","53.0","BOLOGNA, IT","858.9","","858.9","E","82","E","47","E","0","E","34","E","5","E","157","E","39","E","-9.0","E,1219,","34.4",",E,0929,","38.1","E,0705,","-0.6","E,1029","-9.0","E,1219","-9.0","E,1219","-9.0","E,1219","-9.0","E,1219","-0.1","E,0302","-2.3","E,0201","-4.7","E,0125","","","","","2080.6","","2080.6","E","464.8",",E","14.68","E","18.63","E","10.72","E"
"ITE00100550","1951","44.5","11.3458","53.0","BOLOGNA, IT","672.9","","672.9","E","108","E","68","E","0","E","20","E","0","E","136","E","18","E","-4.5","E,1224,","58.6",",E,1001,","34.5","E,0619,","-1.1","E,1211","-3.3","E,1213","-4.5","E,1224","","","","","-0.5","E,0307","","","","","","","","","2185.7","","2185.7","E","916.5",",E","14.34","E","18.15","E","10.53","E"
"ITE00100550","1952","44.5","11.3458","53.0","BOLOGNA, IT","836.4","","836.4","E","90","E","44","E","0","E","48","E","0","E","169","E","44","E","-3.6","E,0112,","51.4",",E,1119,","39.7","E,0815,","-1.5","E,1117","-3.1","E,1218","","","","","","","-1.0","E,0316","-2.4","E,0302","","","","","","","2190.3","","2190.3","E","526.6",",E","14.32","E","18.47","E","10.17","E"
"ITE00100550","1953","44.5","11.3458","53.0","BOLOGNA, IT","673.8","","673.8","E","89","E","58","E","0","E","45","E","3","E","168","E","34","E","-6.3","E,0115,","43.6",",E,0410,","37.8","E,0718,","-0.3","E,1126","-2.8","E,1230","","","","","","","-3.2","E,0315","-3.2","E,0315","-4.7","E,0210","","","","","2206.2","","2206.2","E","751.4",",E","14.33","E","18.78","E","9.89","E"
"ITE00100550","1954","44.5","11.3458","53.0","BOLOGNA, IT","563.3","","563.3","E","96","E","50","E","0","E","62","E","16","E","143","E","8","E","-11.0","E,0109,","58.2",",E,1110,","34.2","E,0727,","0.0","E,1118","-2.4","E,1121","","","","","","","-1.4","E,0225","-3.8","E,0224","-5.8","E,0206","-8.6","E,0126","-10.2","E,0110","2305.7","","2305.7","E","551.1",",E","13.16","E","17.46","E","8.85","E"
"ITE00100550","1955","44.5","11.3458","53.0","BOLOGNA, IT","532.7","","532.7","E","105","E","52","E","0","E","21","E","0","E","146","E","11","E","-4.0","E,0102,","41.6",",E,0716,","36.0","E,0721,","-1.7","E,1125","-2.8","E,1229","","","","","","","0.0","E,0310","-4.0","E,0102","","","","","","","2079.9","","2079.9","E","605.2",",E","13.69","E","17.45","E","9.94","E"
"ITE00100550","1956","44.5","11.3458","53.0","BOLOGNA, IT","666.2","","666.2","E","100","E","58","E","0","E","56","E","19","E","149","E","14","E","-10.0","E,0215,","36.4",",E,0430,","35.7","E,0829,","-0.7","E,1123","-3.3","E,1225","-6.8","E,1226","-6.8","E,1226","","","-0.3","E,0315","-3.3","E,0313","-6.5","E,0219","-6.7","E,0218","-9.5","E,0216","2392.9","","2392.9","E","581.6",",E","13.01","E","16.86","E","9.16","E"
"ITE00100550","1957","44.5","11.3458","53.0","BOLOGNA, IT","604.2","","604.2","E","90","E","61","E","0","E","27","E","1","E","143","E","17","E","-5.3","E,1222,","17.6",",E,0504,","39.1","E,0709,","-0.7","E,1201","-3.4","E,1219","-5.3","E,1222","","","","","0.0","E,0217","-3.7","E,0122","","","","","","","2167.2","","2167.2","E","537.0",",E","14.09","E","18.07","E","10.11","E"
"ITE00100550","1958","44.5","11.3458","53.0","BOLOGNA, IT","779.5","","779.5","E","91","E","60","E","0","E","45","E","3","E","161","E","22","E","-6.3","E,0126,","50.0",",E,0414,","36.5","E,0820,","-2.2","E,1204","-2.2","E,1204","","","","","","","-0.2","E,0326","-2.2","E,0323","-4.5","E,0127","","","","","2239.6","","2239.6","E","685.6",",E","14.34","E","18.53","E","10.15","E"
"ITE00100550","1959","44.5","11.3458","53.0","BOLOGNA, IT","595.1","","595.1","E","111","E","63","E","0","E","28","E","0","E","147","E","20","E","-5.0","E,0212,","71.0",",E,1205,","36.0","E,0729,","0.0","E,1219","","","","","","","","","-0.2","E,0215","-4.1","E,0214","-5.0","E,0212","","","","","1964.6","","1964.6","E","1067.0",",E","14.30","E","18.33","E","10.26","E"
"ITE00100550","1960","44.5","11.3458","53.0","BOLOGNA, IT","517.0","","517.0","E","129","E","80","E","0","E","39","E","7","E","151","E","6","E","-6.9","E,0119,","60.2",",E,0616,","34.2","E,0829,","-0.5","E,1227","-4.0","E,1230","-5.5","E,1231","","","","","-0.7","E,0310","-3.1","E,0210","-4.5","E,0208","-6.9","E,0119","","","2290.4","","2290.4","E","1009.0",",E","13.64","E","17.63","E","9.65","E"
"ITE00100550","1961","44.5","11.3458","53.0","BOLOGNA, IT","665.6","","665.6","E","90","E","54","E","0","E","33","E","5","E","173","E","22","E","-5.7","E,1217,","50.4",",E,0424,","37.3","E,0812,","-0.2","E,1207","-5.7","E,1217","-5.7","E,1217","","","","","-1.2","E,0130","-2.3","E,0129","-4.4","E,0122","","","","","1902.0","","1902.0","E","645.0",",E","14.86","E","19.14","E","10.57","E"
"ITE00100550","1962","44.5","11.3458","53.0","BOLOGNA, IT","699.4","","699.4","E","99","E","52","E","0","E","43","E","3","E","140","E","27","E","-4.9","E,1224,","41.0",",E,1101,","37.0","E,0626,","0.0","E,1129","-3.1","E,1201","-4.4","E,1223","","","","","-1.6","E,0320","-3.4","E,0315","","","","","","","2297.1","","2297.1","E","622.6",",E","13.55","E","17.46","E","9.64","E"
"ITE00100550","1963","44.5","11.3458","53.0","BOLOGNA, IT","604.6","","604.6","E","118","E","74","E","0","E","61","E","25","E","153","E","14","E","-13.2","E,1218,","64.2",",E,0908,","34.8","E,0805,","-0.5","E,1209","-13.2","E,1218","-13.2","E,1218","-13.2","E,1218","-13.2","E,1218","-1.0","E,0303","-5.1","E,0302","-5.1","E,0302","-9.9","E,0202","-9.9","E,0202","2493.3","","2493.3","E","819.6",",E","13.36","E","17.04","E","9.69","E"
"ITE00100550","1964","44.5","11.3458","53.0","BOLOGNA, IT","597.5","","597.5","E","100","E","72","E","0","E","43","E","6","E","152","E","8","E","-9.8","E,0119,+","37.4",",E,1026,","34.6","E,0803,","-0.9","E,1213","-3.0","E,1231","","","","","","","0.0","E,0309","-3.0","E,0213","-5.4","E,0127","-7.2","E,0126","-9.7","E,0121","2260.4","","2260.4","E","857.8",",E","13.58","E","17.07","E","10.08","E"
"ITE00100550","1965","44.5","11.3458","53.0","BOLOGNA, IT","480.2","","480.2","E","101","E","63","E","0","E","36","E","1","E","136","E","16","E","-5.9","E,1125,","39.2",",E,0410,","35.2","E,0627,","-1.9","E,1124","-5.9","E,1125","-5.9","E,1125","","","","","-3.8","E,0228","-3.8","E,0228","","","","","","","2335.8","","2335.8","E","753.4",",E","12.96","E","16.67","E","9.25","E"
"ITE00100550","1966","44.5","11.3458","53.0","BOLOGNA, IT","587.6","","587.6","E","115","E","73","E","0","E","40","E","9","E","153","E","9","E","-11.6","E,0120,","80.4",",E,1104,","34.8","E,0815,","-0.8","E,1128","-2.8","E,1129","","","","","","","-1.3","E,0202","-3.7","E,0130","-5.4","E,0125","-11.6","E,0120","-11.6","E,0120","2238.5","","2238.5","E","931.4",",E","13.90","E","17.36","E","10.44","E"
"ITE00100550","1967","44.5","11.3458","53.0","BOLOGNA, IT","641.2","","641.2","E","82","E","45","E","0","E","44","E","9","E","151","E","15","E","-8.2","E,1217,","57.4",",E,1201,","34.8","E,0724,","-0.2","E,1125","-2.4","E,1211","-8.2","E,1217","-8.2","E,1217","","","-1.9","E,0216","-3.4","E,0214","-4.7","E,0117","-7.8","E,0112","","","2225.2","","2225.2","E","569.4",",E","14.04","E","17.62","E","10.47","E"
"ITE00100550","1968","44.5","11.3458","53.0","BOLOGNA, IT","425.0","","425.0","E","104","E","70","E","0","E","35","E","9","E","151","E","6","E","-10.4","E,0112,","49.4",",E,1209,","37.2","E,0712,","-2.2","E,1129","-2.2","E,1129","-4.4","E,1229","","","","","-0.7","E,0228","-2.6","E,0201","-6.1","E,0114","-10.4","E,0112","-10.4","E,0112","2122.8","","2122.8","E","804.0",",E","13.30","E","16.78","E","9.82","E"
"ITE00100550","1969","44.5","11.3458","53.0","BOLOGNA, IT","497.0","","497.0","E","99","E","62","E","0","E","54","E","4","E","149","E","8","E","-6.7","E,1209,","37.4",",E,1126,","34.8","E,0719,","-0.5","E,1204","-4.2","E,1208","-6.7","E,1209","-6.7","E,1209","","","0.0","E,0220","-2.2","E,0218","-4.7","E,0111","","","","","2408.3","","2408.3","E","731.2",",E","13.08","E","16.61","E","9.55","E"
"ITE00100550","1970","44.5","11.3458","53.0","BOLOGNA, IT","572.9","","572.9","E","84","E","53","E","0","E","43","E","5","E","141","E","6","E","-7.2","E,1221,","31.4",",E,1230,","34.2","E,0725,","-1.8","E,1211","-2.2","E,1213","-4.4","E,1219","-7.2","E,1221","","","-0.2","E,0313","-2.4","E,0217","","","","","","","2352.1","","2352.1","E","494.8",",E","13.39","E","17.35","E","9.42","E"
"ITE00100550","1971","44.5","11.3458","53.0","BOLOGNA, IT","623.4","","623.4","E","77","E","46","E","0","E","41","E","5","E","146","E","22","E","-6.0","E,0306,+","31.8",",E,1125,","34.9","E,0713,","0.0","E,1120","-3.8","E,1216","","","","","","","-0.6","E,0309","-4.4","E,0307","-4.4","E,0307","","","","","2240.4","","2240.4","E","513.4",",E","13.78","E","17.53","E","10.04","E"
"ITE00100550","1972","44.5","11.3458","53.0","BOLOGNA, IT","450.1","","450.1","E","119","E","71","E","0","E","13","E","1","E","116","E","6","E","-3.6","E,1218,","58.8",",E,0916,","33.7","E,0710,","-0.8","E,1215","-2.6","E,1217","","","","","","","-1.0","E,0128","","","","","","","","","2119.1","","2119.1","E","989.4",",E","13.48","E","16.72","E","10.23","E"
"ITE00100550","1973","44.5","11.3458","53.0","BOLOGNA, IT","632.6","","632.6","E","84","E","50","E","0","E","29","E","4","E","139","E","15","E","-4.9","E,1203,","68.0",",E,0926,","34.2","E,0707,+","0.0","E,1130","-3.6","E,1202","-4.9","E,1203","","","","","-1.6","E,0228","-2.4","E,0127","","","","","","","2381.4","","2381.4","E","781.0",",E","13.64","E","17.25","E","10.03","E"
"ITE00100550","1974","44.5","11.3458","53.0","BOLOGNA, IT","617.6","","617.6","E","93","E","47","E","0","E","11","E","0","E","131","E","18","E","-2.2","E,0123,","43.6",",E,0828,","36.7","E,0818,","0.0","E,1206","","","","","","","","","-0.2","E,0302","-2.2","E,0123","","","","","","","2053.6","","2053.6","E","509.6",",E","14.13","E","17.70","E","10.56","E"
"ITE00100550","1975","44.5","11.3458","53.0","BOLOGNA, IT","610.5","","610.5","E","92","E","56","E","0","E","19","E","1","E","149","E","13","E","-4.9","E,1222,+","87.8",",E,1012,","35.4","E,0716,","-1.2","E,1122","-4.9","E,1222","-4.9","E,1222","","","","","-0.2","E,0217","-4.9","E,0110","-4.9","E,0110","","","","","2089.3","","2089.3","E","816.8",",E","14.22","E","17.86","E","10.57","E"
"ITE00100550","1976","44.5","11.3458","53.0","BOLOGNA, IT","454.2","","454.2","E","109","E","64","E","0","E","37","E","2","E","145","E","7","E","-3.8","E,1231,","38.0",",E,0216,","34.8","E,0718,","0.0","E,1227","-3.7","E,1230","","","","","","","0.0","E,0313","-2.2","E,0312","","","","","","","2279.8","","2279.8","E","760.0",",E","13.38","E","16.91","E","9.85","E"
"ITE00100550","1977","44.5","11.3458","53.0","BOLOGNA, IT","470.0","","470.0","E","87","E","50","E","0","E","22","E","0","E","126","E","4","E","-6.2","E,1206,","74.2",",E,1126,","34.0","E,0714,","-1.0","E,1123","-4.0","E,1205","-6.2","E,1206","","","","","-1.0","E,0119","-4.0","E,0116","","","","","","","2029.1","","2029.1","E","642.4",",E","13.82","E","17.15","E","10.48","E"
"ITE00100550","1978","44.5","11.3458","53.0","BOLOGNA, IT","460.7","","460.7","E","98","E","58","E","0","E","32","E","3","E","130","E","1","E","-4.2","E,1203,","40.6",",E,1003,","34.3","E,0808,","-1.2","E,1108","-4.2","E,1203","","","","","","","0.0","E,0217","-2.9","E,0131","","","","","","","2267.3","","2267.3","E","749.0",",E","13.20","E","16.52","E","9.87","E"
"ITE00100550","1979","44.5","11.3458","53.0","BOLOGNA, IT","576.8","","576.8","E","108","E","65","E","0","E","29","E","7","E","133","E","3","E","-7.2","E,0104,","65.0",",E,0819,","33.6","E,0801,+","-0.3","E,1201","","","","","","","","","0.0","E,0228","-3.2","E,0119","-5.0","E,0108","-7.2","E,0104","","","2343.0","","2343.0","E","855.0",",E","13.65","E","17.09","E","10.21","E"
"ITE00100550","1980","44.5","11.3458","53.0","BOLOGNA, IT","539.0","","539.0","E","102","E","65","E","0","E","25","E","5","E","133","E","10","E","-8.5","E,0108,","46.0",",E,1104,","34.7","E,0803,","-0.4","E,1203","-2.2","E,1209","","","","","","","-2.8","E,0213","-2.8","E,0213","-7.5","E,0109","-7.5","E,0109","","","2327.5","","2327.5","E","832.6",",E","13.16","E","16.49","E","9.81","E"
"ITE00100550","1981","44.5","11.3458","53.0","BOLOGNA, IT","546.0","","546.0","E","81","E","51","E","0","E","37","E","1","E","144","E","5","E","-4.9","E,0109,","58.6",",E,0623,","33.1","E,0616,","-1.1","E,1208","","","","","","","","","-0.8","E,0228","-3.0","E,0225","-4.9","E,0109","","","","","2263.8","","2263.8","E","701.6",",E","13.75","E","17.30","E","10.20","E"
"ITE00100550","1982","44.5","11.3458","53.0","BOLOGNA, IT","707.1","","707.1","E","98","E","59","E","0","E","27","E","4","E","147","E","13","E","-4.2","E,0206,","69.0",",E,0909,","34.2","E,0704,","-0.6","E,1206","","","","","","","","","0.0","E,0225","-2.7","E,0223","","","","","","","2325.3","","2325.3","E","841.2",",E","14.10","E","17.49","E","10.70","E"
"ITE00100550","1983","44.5","11.3458","53.0","BOLOGNA, IT","678.5","","678.5","E","72","E","50","E","0","E","30","E","1","E","158","E","18","E","-3.8","E,0113,","86.6",",E,0825,","38.5","E,0729,","-0.9","E,1115","-2.2","E,1216","","","","","","","-1.0","E,0301","-3.2","E,0217","","","","","","","1971.2","","1971.2","E","559.2",",E","14.46","E","18.14","E","10.78","E"
"ITE00100550","1984","44.5","11.3458","53.0","BOLOGNA, IT","466.6","","466.6","E","106","E","78","E","0","E","24","E","0","E","122","E","10","E","-5.9","E,1226,","58.8",",E,0810,","36.4","E,0712,","0.0","E,1129","-5.9","E,1226","-5.9","E,1226","","","","","-0.4","E,0220","-2.9","E,0216","","","","","","","2318.8","","2318.8","E","1011.8",",E","13.14","E","16.38","E","9.89","E"
"ITE00100550","1985","44.5","11.3458","53.0","BOLOGNA, IT","846.6","","846.6","E","88","E","56","E","0","E","43","E","10","E","155","E","28","E","-10.0","E,0111,+","43.0",",E,0117,","36.0","E,0824,+","-1.2","E,1129","","","","","","","","","-1.7","E,0221","-2.6","E,0219","-5.5","E,0114","-8.0","E,0113","-10.0","E,0111","2369.9","","2369.9","E","625.8",",E","14.06","E","17.47","E","10.66","E"
"ITE00100550","1986","44.5","11.3458","53.0","BOLOGNA, IT","713.3","","713.3","E","92","E","65","E","0","E","32","E","5","E","154","E","17","E","-5.0","E,0210,","62.4",",E,0714,","34.2","E,0818,","-1.3","E,1212","-3.6","E,1217","","","","","","","-1.6","E,0302","-3.2","E,0301","-5.0","E,0210","","","","","2223.1","","2223.1","E","806.6",",E","14.15","E","17.62","E","10.68","E"
"ITE00100550","1987","44.5","11.3458","53.0","BOLOGNA, IT","667.4","","667.4","E","87","E","51","E","0","E","41","E","4","E","137","E","8","E","-7.2","E,0113,","41.8",",E,1130,","34.1","E,0715,","-0.5","E,1211","","","","","","","","","-0.4","E,0316","-2.7","E,0309","-5.6","E,0205","-7.2","E,0113","","","2275.2","","2275.2","E","767.4",",E","13.71","E","17.27","E","10.16","E"
"ITE00100550","1988","44.5","11.3458","53.0","BOLOGNA, IT","740.9","","740.9","E","72","E","42","E","0","E","10","E","0","E","158","E","28","E","-2.0","E,1124,","29.8",",E,0618,","36.7","E,0724,","-0.3","E,1122","","","","","","","","","0.0","E,0226","","","","","","","","","1991.0","","1991.0","E","430.6",",E","15.00","E","18.58","E","11.42","E"
"ITE00100550","1989","44.5","11.3458","53.0","BOLOGNA, IT","634.4","","634.4","E","83","E","56","E","0","E","31","E","2","E","148","E","14","E","-7.0","E,0105,","61.6",",E,0703,","34.7","E,0725,","-0.9","E,1128","-3.0","E,1201","-4.7","E,1230","","","","","-0.3","E,0208","-3.0","E,0126","-4.8","E,0107","-7.0","E,0105","","","1833.7","","1833.7","E","655.2",",E","14.81","E","18.67","E","10.94","E"
"ITE00100550","1990","44.5","11.3458","53.0","BOLOGNA, IT","729.1","","729.1","E","82","E","46","E","0","E","27","E","1","E","163","E","28","E","-6.2","E,0103,","114.6",",E,1005,","36.0","E,0701,","-0.5","E,1203","","","","","","","","","-1.0","E,0208","-4.8","E,0124","-4.8","E,0124","","","","","1910.4","","1910.4","E","667.9",",E","15.07","E","19.44","E","10.70","E"
"ITE00100550","1991","44.5","11.3458","53.0","BOLOGNA, IT","793.1","","793.1","E","87","E","54","E","0","E","53","E","5","E","147","E","38","E","-8.6","E,0208,","62.0",",E,1125,+","35.8","E,0713,","-1.3","E,1201","-2.9","E,1205","-5.4","E,1208","","","","","-0.1","E,0419","-2.5","E,0217","-4.7","E,0215","-8.6","E,0208","","","2273.4","","2273.4","E","852.8",",E","13.91","E","17.92","E","9.90","E"
"ITE00100550","1992","44.5","11.3458","53.0","BOLOGNA, IT","772.3","","772.3","E","90","E","63","E","0","E","40","E","1","E","151","E","37","E","-4.0","E,1229,","66.6",",E,1209,","36.5","E,0809,","-0.5","E,1214","-4.0","E,1229","","","","","","","-1.6","E,0221","-2.5","E,0220","","","","","","","2269.7","","2269.7","E","818.4",",E","14.65","E","18.68","E","10.61","E"
"ITE00100550","1993","44.5","11.3458","53.0","BOLOGNA, IT","818.5","","818.5","E","77","E","53","E","0","E","29","E","0","E","170","E","35","E","-4.0","E,0102,","42.6",",E,0809,","36.8","E,0823,","-0.8","E,1120","","","","","","","","","-1.1","E,0306","-2.4","E,0224","","","","","","","1991.6","","1991.6","E","617.8",",E","15.01","E","19.08","E","10.94","E"
"ITE00100550","1994","44.5","11.3458","53.0","BOLOGNA, IT","883.0","","883.0","E","95","E","61","E","0","E","8","E","0","E","159","E","48","E","-4.2","E,0217,","64.4",",E,0612,","38.1","E,0811,","-0.5","E,1219","","","","","","","","","-1.0","E,0220","-3.5","E,0218","","","","","","","1900.4","","1900.4","E","879.6",",E","15.51","E","19.45","E","11.56","E"
"ITE00100550","1995","44.5","11.3458","53.0","BOLOGNA, IT","629.0","","629.0","E","96","E","64","E","0","E","23","E","0","E","157","E","27","E","-2.0","E,1231,+","75.6",",E,0624,","37.4","E,0728,","-0.6","E,1122","","","","","","","","","-1.6","E,0208","","","","","","","","","2015.4","","2015.4","E","871.8",",E","14.34","E","18.39","E","10.28","E"
"ITE00100550","1996","44.5","11.3458","53.0","BOLOGNA, IT","581.2","","581.2","E","112","E","73","E","0","E","33","E","3","E","145","E","13","E","-7.1","E,1230,","83.2",",E,1008,","35.9","E,0613,","-0.9","E,1126","-5.0","E,1227","-5.0","E,1227","-7.0","E,1229","","","0.0","E,0314","-2.7","E,0209","-4.9","E,0118","","","","","2113.1","","2113.1","E","982.8",",E","13.75","E","17.63","E","9.87","E"
"ITE00100550","1997","44.5","11.3458","53.0","BOLOGNA, IT","882.6","","882.6","E","78","E","56","E","0","E","10","E","0","E","177","E","34","E","-2.6","E,0101,","49.8",",E,1201,","36.6","E,0816,","-0.4","E,1229","","","","","","","","","-1.1","E,0202","-2.6","E,0101","","","","","","","1955.2","","1955.2","E","650.8",",E","15.67","E","19.93","E","11.42","E"
"ITE00100550","1998","44.5","11.3458","53.0","BOLOGNA, IT","981.1","","981.1","E","78","E","46","E","0","E","16","E","0","E","166","E","54","E","-3.9","E,1227,","35.8",",E,0926,","39.1","E,0812,+","0.0","E,1121","-3.9","E,1227","","","","","","","-1.5","E,0202","","","","","","","","","1795.4","","1795.4","E","506.0",",E","15.90","E","20.13","E","11.68","E"
"ITE00100550","1999","44.5","11.3458","53.0","BOLOGNA, IT","1016.9","","1016.9","E","92","E","63","E","0","E","26","E","0","E","173","E","38","E","-3.3","E,0131,","50.4",",E,1107,","38.6","E,0706,","0.0","E,1122","","","","","","","","","-2.2","E,0216","-2.2","E,0216","","","","","","","1873.1","","1873.1","E","879.4",",E","16.04","E","20.12","E","11.96","E"
"ITE00100550","2000","44.5","11.3458","53.0","BOLOGNA, IT","1072.6","","1072.6","E","80","E","48","E","0","E","14","E","0","E","175","E","47","E","-6.2","E,1224,","37.4",",E,0629,","39.5","E,0820,","-0.7","E,1223","-6.2","E,1224","-6.2","E,1224","","","","","-0.5","E,0129","-2.5","E,0127","-4.4","E,0126","","","","","1768.1","","1768.1","E","534.4",",E","16.96","E","21.20","E","12.71","E"
"ITE00100550","2001","44.5","11.3458","53.0","BOLOGNA, IT","907.3","","907.3","E","87","E","60","E","0","E","25","E","0","E","180","E","41","E","-2.0","E,1218,+","49.2",",E,0412,","37.4","E,0803,","0.0","E,1122","","","","","","","","","-0.9","E,0118","","","","","","","","","1566.7","","1566.7","E","723.4",",E","15.83","E","19.80","E","11.86","E"
"ITE00100550","2002","44.5","11.3458","53.0","BOLOGNA, IT","660.4","","660.4","E","106","E","67","E","0","E","15","E","0","E","147","E","13","E","-5.1","E,0118,","42.4",",E,0625,","36.0","E,0624,","0.0","E,1210","","","","","","","","","0.0","E,0204","-3.0","E,0119","-5.1","E,0118","","","","","1877.0","","1877.0","E","1013.6",",E","15.41","E","19.07","E","11.76","E"
"ITE00100550","2003","44.5","11.3458","53.0","BOLOGNA, IT","1060.1","","1060.1","E","89","E","52","E","0","E","18","E","0","E","164","E","56","E","-2.8","E,0113,","57.0",",E,0404,","38.6","E,0807,","-0.2","E,1224","","","","","","","","","-0.1","E,0220","-2.8","E,0113","","","","","","","1859.4","","1859.4","E","793.4",",E","15.77","E","19.57","E","11.96","E"
"ITE00100550","2004","44.5","11.3458","53.0","BOLOGNA, IT","","","","","105","E","68","E","","","","","","","","","","","","","58.4",",E,0229,","","","","","","","","","","","","","","","","","","","","","","","","","","","1091.4",",E","","","","","",""
"ITE00100550","2005","44.5","11.3458","53.0","BOLOGNA, IT","","","","","100","E","58","E","","","","","","","","","","","","","98.8",",E,0918,","","","","","","","","","","","","","","","","","","","","","","","","","","","976.8",",E","","","","","",""
"ITE00100550","2006","44.5","11.3458","53.0","BOLOGNA, IT","","","","","86","E","50","E","","","","","","","","","","","","","57.4",",E,0917,","","","","","","","","","","","","","","","","","","","","","","","","","","","655.8",",E","","","","","",""
"ITE00100550","2007","44.5","11.3458","53.0","BOLOGNA, IT","","","","","72","E","44","E","","","","","","","","","","","","","66.2",",E,1031,","","","","","","","","","","","","","","","","","","","","","","","","","","","585.4",",E","","","","","",""
